{
	"name": "Rejuvinated Caldera",
	"description": "A bubbling mess of lava and enemies",
	"loadout": "basicFoundation",
    "startingItems": [
    	{"item": "copper", "amount": 200},
    	{"item": "lead", "amount": 100}
    ],
    "conditionWave": 10,
    "launchPeriod": 30,
    "requirements": [
    	{
    		"type": "ZoneWave",
    		"zone": "cave", 
    		"wave": 50
    	},
    	{
    		"type": "Unlock",
    		"block": "spodumene-sieve"
    	}
    	{
    		"type": "Unlock",
    		"block": "laser-drill"
    	}
    ],
    "resources": ["copper", "iron", "lead", "coal", "sand", "spodumene-crystalline", "titanium", "thorium"]
}
