{
	"name": "Cave",
	"description": "A tiny cave abundant with iron and copper",
	"loadout": "basicFoundation",
    "startingItems": [
    	{"item": "copper", "amount": 100},
    	{"item": "lead", "amount": 25}
    ],
    "conditionWave": 20,
    "launchPeriod": 20,
    "requirements": [
    	{
    		"type": "ZoneWave",
    		"zone": "groundZero", 
    		"wave": 15
    	},
    	{
    		"type": "Unlock",
    		"block": "router"
    	}
    	{
    		"type": "Unlock",
    		"block": "pneumatic-drill"
    	}
    ],
    "resources": ["copper", "iron", "lead", "coal", "sand"]
}
