{
	"name": "Twin Rivers",
	"description": "An ancient battleground full of both natural resources and leftover scrap.",
	"loadout": "basicFoundation",
    "startingItems": [
    	{"item": "copper", "amount": 100},
    	{"item": "lead", "amount": 0}
    ],
    "conditionWave": 20,
    "launchPeriod": 20,
    "requirements": [
    	{
    		"type": "ZoneWave",
    		"zone": "caldera", 
    		"wave": 50
    	},
    	{
    		"type": "Unlock",
    		"block": "aluminum-mech-pad"
    	},
    	{
    		"type": "Unlock",
    		"block": "dirium-wall-large"
    	}
    ],
    "resources": ["scrap", "copper", "iron", "lead", "coal", "sand", "spodumene-crystalline", "titanium", "aluminum", "thorium", "cobalt", "nickel", "diamond"]
}
