{
	"name": "Utility Mech",
	"description": "A torquey mech with a strong battery and lots of building power but very little health",
	"speed": 2,
	"boostSpeed": 2,
	"buildPower": 8.0,
	"drillPower": 8,
	"mineSpeed": 4,
	"itemCapacity": 500,
	"canHeal": true,
	"engineColor": "00ff80",
	"flying": true,
	"health": 25,
	"weaponOffsetX": 4,
	"weaponOffsetY": -1,
	"weapon": {
		"name": "Healing Blaster",
		"length": 0.5,
		"reload": 6,
		"alternate": true,
		"bullet": {
			"type": "HealBulletType",
			"frontColor": "7fffaf",
			"backColor": "00ff3f",
			"bulletSprite": "bullet",
			"lifetime": "30",
			"speed": "5",
			"damage": "0",
			"shootEffect": "shootHeal",
			"smokeEffect": "hitLaser",
			"hitEffect": "hitLaser",
			"collidesTeam": "true",
			"healPercent": 1,
		}
	}
}
