{
	"name": "Utility Mech Pad",
	"description": "Transform into the Utility Mech.",
	"type": "MechPad",
	"mech": "aluminum-mech",
	"size": 2,
	"consumes": {
		"power": 0.5
	},
	"category": "upgrade",
	"research": "tau-mech-pad",
	"requirements": [
		{ "item": "aluminum", "amount": 500 },
		{ "item": "thorium", "amount": 250 },
		{ "item": "steel", "amount": 100 },
		{ "item": "lithium", "amount": 100 },
		{ "item": "titanium", "amount": 50 },
		{ "item": "copper", "amount": 50 },
		{ "item": "graphite", "amount": 25 },
		{ "item": "surge-alloy", "amount": 10 },
	]
}
