{
	"type": "GenericCrafter",
	"name": "Overcharged Rail Factory",
	"description": "Forges overcharged rails for use in large rail guns",
	"liquidCapacity": 100,
	"outputItem": {"item": "bullet-1", "amount": 1},
	"size": 3,
	"hasPower": true,
	"hasLiquids": true,
	"hasItems": true,
	"craftTime": 60,
	"updateEffect": "smeltsmoke",
	"consumes": {
		"power": 25,
		"items": {
			"items": [
				{ "item": "surge-alloy", "amount": 1 },
				{ "item": "lithium", "amount": 1 },
				{ "item": "refined-lead", "amount": 1 },
			]
		},
	},
	"requirements": [
		{ "item": "invar", "amount": 200 },
		{ "item": "cobalt", "amount": 100 },
		{ "item": "aluminum", "amount": 50 },
		{ "item": "silicon", "amount": 50 },
		{ "item": "lithium", "amount": 25 },
		{ "item": "surge-alloy", "amount": 10 },
	],
	"category": "crafting",
	"research": "bullet-factory-0",
	"idleSound": "respawning",
	"idleSoundVolume": 0.2
}
