{
	"type": "GenericCrafter",
	"name": "Slug Factory",
	"description": "Forges Lead into fine spheres to be used a variety of guns.",
	"liquidCapacity": 100,
	"outputItem": {"item": "bullet-0", "amount": 4},
	"size": 2,
	"hasPower": false,
	"hasLiquids": true,
	"hasItems": true,
	"craftTime": 60,
	"updateEffect": "smeltsmoke",
	"consumes": {
		"items": {
			"items": [
				{ "item": "sand", "amount": 1 }
			]
		},
		"liquid": {
			"liquid": "molten-lead",
			"amount": 0.0166667
		}
	},
	"requirements": [
		{ "item": "iron", "amount": 50 },
		{ "item": "steel", "amount": 50 },
	],
	"category": "crafting",
	"research": "lead-crucible",
	"idleSound": "respawning",
	"idleSoundVolume": 0.2
}
