{
	"type": "ItemTurret",
	"name": "Epic Railgun",
	"description": "Shoots beams of superheated metals, gets a major boost from overcharged material",
	"health": 1500,
	"size": 4,
	"reload": 240,
	"range": 400,
	"ammoUseEffect": "shellEjectSmall",
	"inaccuracy": 0,
	"rotatespeed": 1,
	"recoil": 25,
	"ammo": {
		"surge-alloy": {
			"speed": 100.0,
			"damage": 500,
			"bulletWidth": 3,
			"bulletHeight": 5,
			"shootEffect": "shootBig",
			"smokeEffect": "shootSmallSmoke",
			"ammoMultiplier": 2,
			"frontColor": ffffff
			"backColor": f0c0f0
		},
		"lithium": {
			"speed": 100.0,
			"damage": 750,
			"bulletWidth": 3,
			"bulletHeight": 10,
			"shootEffect": "shootBig",
			"smokeEffect": "shootSmallSmoke",
			"ammoMultiplier": 1,
			"frontColor": ffffff
			"backColor": f0c0f0
		},
		"bullet-1": {
			"speed": 300.0,
			"damage": 5000,
			"bulletWidth": 2,
			"bulletHeight": 50,
			"shootEffect": "shootBig",
			"smokeEffect": "shootSmallSmoke",
			"ammoMultiplier": 16,
			"frontColor": ffffff
			"backColor": f0c0f0
		},
		"steel": {
			"speed": 50.0,
			"damage": 200,
			"bulletWidth": 5,
			"bulletHeight": 7,
			"shootEffect": "shootBig",
			"smokeEffect": "shootSmallSmoke",
			"ammoMultiplier": 1,
			"frontColor": ffffff
			"backColor": f0c0f0
		},
		"refined-lead": {
			"speed": 50.0,
			"damage": 250,
			"bulletWidth": 5,
			"bulletHeight": 7,
			"shootEffect": "shootBig",
			"smokeEffect": "shootSmallSmoke",
			"ammoMultiplier": 1,
			"frontColor": ffffff
			"backColor": f0c0f0
		},
		"invar": {
			"speed": 50.0,
			"damage": 225,
			"bulletWidth": 3,
			"bulletHeight": 10,
			"shootEffect": "shootBig",
			"smokeEffect": "shootSmallSmoke",
			"ammoMultiplier": 16,
			"frontColor": ffffff
			"backColor": f0c0f0
		}
	},
	"requirements": [
		{ "item": "lithium", "amount": 500 },
		{ "item": "aluminum", "amount": 250 },
		{ "item": "cobalt", "amount": 200 },
		{ "item": "invar", "amount": 75 },
		{ "item": "steel", "amount": 50 },
		{ "item": "silicon", "amount": 25 },
	],
	"category": "turret",
	"research": "rail-turret"
}
