{
	"name": "Diamond Drill",
	"description": "An drill with insane torque but not much speed. Able to extract diamonds.",
	"type": "Drill",
	"size": 5,
	"tier": 7,
	"drillTime": 1500,
	"consumes": {
		"power": 5.0,
		"liquid": {
			"liquid": "water", 
			"amount": 0.2,
			"booster": false
		}
	},
	"requirements": [
		{ "item": "lithium", "amount": 250 },
		{ "item": "cobalt", "amount": 250 },
		{ "item": "invar", "amount": 100 },
		{ "item": "graphite", "amount": 100 },
		{ "item": "thorium", "amount": 50 },
		{ "item": "diamond", "amount": 8 },
	],
	"category": "production",
	"research": "invar-drill"
}
