{
	"type": "GenericCrafter",
	"name": "Carbon Compressor",
	"description": "Compresses massive amounts of coal into a dirty diamond.",
	"outputItem": {"item": "black-diamond", "amount": 1},
	"size": 4,
	"hasPower": true,
	"hasItems": true,
	"craftTime": 3600,
	"updateEffect": "smeltsmoke",
	"itemCapacity": 1000,
	"consumes": {
		"power": 10.0,
		"items": {
			"items": [
				{ "item": "coal", "amount": 500 }
			]
		},
	},
	"requirements": [
		{ "item": "cobalt", "amount": 500 },
		{ "item": "aluminum", "amount": 200 },
		{ "item": "invar", "amount": 200 },
		{ "item": "lithium", "amount": 150 },
		{ "item": "steel", "amount": 50 },
		{ "item": "refined-lead", "amount": 50 },
		{ "item": "iron", "amount": 25 },
		{ "item": "lead", "amount": 25 },
	],
	"category": "crafting",
	"research": "multi-press",
	"idleSound": "respawning",
	"idleSoundVolume": 0.7
}
