{
	"type": "GenericCrafter",
	"name": "Diamond Tumbler",
	"description": "Shines up your diamond",
	"outputItem": {"item": "diamond", "amount": 1},
	"size": 2,
	"hasPower": true,
	"hasItems": true,
	"craftTime": 3600,
	"itemCapacity": 3,
	"updateEffect": "smeltsmoke",
	"consumes": {
		"power": 15.0,
		"items": {
			"items": [
				{ "item": "black-diamond", "amount": 1 }
			]
		},
	},
	"requirements": [
		{ "item": "cobalt", "amount": 500 },
		{ "item": "aluminum", "amount": 400 },
		{ "item": "invar", "amount": 250 },
		{ "item": "steel", "amount": 50 },
	],
	"category": "crafting",
	"research": "diamond-forge-black",
	"idleSound": "respawning",
	"idleSoundVolume": 0.2
}
