{
	"type": "GenericCrafter",
	"name": "Ancient Crucible",
	"description": "Utilizes ancient technology to produce a strong alloy known as dirium",
	"liquidCapacity": 50,
	"outputItem": {"item": "dirium", "amount": 1},
	"size": 1,
	"hasPower": true,
	"hasLiquids": false,
	"hasItems": true,
	"craftTime": 120,
	"updateEffect": "smeltsmoke",
	"consumes": {
		"power": 0.05,
		"items": {
			"items": [
				{ "item": "coal", "amount": 1 },
				{ "item": "steel", "amount": 1 },
				{ "item": "titanium", "amount": 1 }
			]
		},
	},
	"requirements": [
		{ "item": "steel", "amount": 100 },
		{ "item": "iron", "amount": 50 },
		{ "item": "copper", "amount": 25}
	],
	"category": "crafting",
	"research": "steel-forge",
	"idleSound": "respawning",
	"idleSoundVolume": 0.5
}
