{
	"type": "GenericCrafter",
	"name": "Invar Crucible",
	"description": "Melts iron and nickel down and mixes them into molten invar",
	"liquidCapacity": 50,
	"outputLiquid": {"liquid": "molten-invar", "amount": 1.0},
	"size": 2,
	"hasPower": true,
	"hasLiquids": true,
	"craftTime": 30,
	"updateEffect": "smeltsmoke",
	"consumes": {
		"power": 1.0,
		"items": {
			"items": [
				{ "item": "nickel", "amount": 2 },
				{ "item": "iron", "amount": 2 }
			]
		}
	},
	"requirements": [
		{ "item": "nickel", "amount": 100 },
		{ "item": "metaglass", "amount": 100 },
		{ "item": "aluminum", "amount": 50 },
		{ "item": "silicon", "amount": 50 },
	],
	"category": "crafting",
	"research": "lead-crucible",
	"idleSound": "respawning",
	"idleSoundVolume": 0.5
}
