{
	"name": "Invar Drill",
	"description": "An extremely powerful drill requiring lots of power",
	"type": "Drill",
	"size": 5,
	"tier": 6,
	"drillTime": 600,
	"consumes": {
		"power": 5.0,
		"liquid": {
			"liquid": "water", 
			"amount": 0.2,
			"booster": false
		}
	},
	"requirements": [
		{ "item": "invar", "amount": 250 },
		{ "item": "steel", "amount": 250 },
		{ "item": "refined-lead", "amount": 250 },
		{ "item": "iron", "amount": 250 },
		{ "item": "lithium", "amount": 100 },
		{ "item": "aluminum", "amount": 75 },
		{ "item": "silicon", "amount": 75 },
		{ "item": "dirium", "amount": 50 },
	],
	"category": "production",
	"research": "blast-drill"
}
