{
	"type": "ItemTurret",
	"name": "Inferno",
	"description": "Sprays flames all over your enemies. High damage but low range. Shoots explosive blast compound propelling enemies backwards.",
	"health": 1000,
	"size": 2,
	"reload": 1,
	"range": 64,
	"maxAmmo": 500,
	"ammoUseEffect": "fireSmoke",
	"smokeEffect": "shootPyraFlame",
	"inaccuracy": 1,
	"rotatespeed": 4,
	"targetAir": false,
	"ammo": {
		"pyratite": {
			"speed": 5.0,
			"lifetime": 20,
			"damage": 75,
			"bulletWidth": 20,
			"bulletHeight": 10,
			"shootEffect": "shootPyraFlame",
			"ammoMultiplier": 10,
			"splashDamageRadius": 4,
			"splashDamage": 10,
			"status": "burning",
			"knockback": 0,
		},
		"coal": {
			"speed": 3.0,
			"lifetime": 35,
			"damage": 2,
			"bulletWidth": 3,
			"bulletHeight": 5,
			"shootEffect": "shootSmall",
			"ammoMultiplier": 120,
			"status": "burning",
			"knockback": 0,
		},
		"blast-compound": {
			"speed": 5.0,
			"lifetime": 25,
			"damage": 100,
			"bulletWidth": 20,
			"bulletHeight": 10,
			"shootEffect": "shootPyraFlame",
			"ammoMultiplier": 5,
			"splashDamageRadius": 16,
			"splashDamage": 50,
			"status": "burning",
			"knockback": 0.3,
		},
	},
	"requirements": [
		{ "item": "invar", "amount": 150 },
		{ "item": "graphite", "amount": 125 },
		{ "item": "dirium", "amount": 50 },
		{ "item": "lithium", "amount": 25 },
	],
	"category": "turret",
	"research": "scorch"
}
