{
	"type": "Separator",
	"name": "Invar Forge",
	"description": "Casts searing hot invar into ingots",
	"results": [
            {"item": "invar", "amount": 1},
        ],
	"craftTime": 600,
    "spinnerLength": 0.0,
    "spinnerRadius": 0.0,
    "spinnerThickness": 0.0,
    "spinnerSpeed": 0,
	"size": 2,
	"itemCapacity": 1,
	"hasLiquids": true,
	"hasPower": false,
	"consumes": {
		"liquid": {
				"liquid": "molten-invar", "amount": 0.0025
		}
	}
	"requirements": [
		{ "item": "graphite", "amount": 50 },
		{ "item": "steel", "amount": 25 },
		{ "item": "nickel", "amount": 25 },
		{ "item": "aluminum", "amount": 10 },
		{ "item": "silicon", "amount": 10 },
	],
	"category": "crafting",
	"research": "invar-crucible"
}