{
	"type": "ItemTurret",
	"name": "Parabellum",
	"description": "Shoots massive amounts of bullets across a large stretch of land to deal major damage.",
	"health": 1200,
	"size": 3,
	"reload": 1,
	"range": 256,
	"maxAmmo": 1200,
	"ammoUseEffect": "shellEjectSmall",
	"smokeEffect": "generatespark",
	"inaccuracy": 1,
	"rotatespeed": 4,
	"targetAir": false,
	"ammo": {
		"bullet-0": {
			"speed": 10.0,
			"lifetime": 300,
			"damage": 75,
			"bulletWidth": 20,
			"bulletHeight": 10,
			"shootEffect": "shootSmall",
			"ammoMultiplier": 1
		},
		"invar": {
			"speed": 3.0,
			"lifetime": 250,
			"damage": 25,
			"bulletWidth": 3,
			"bulletHeight": 5,
			"shootEffect": "shootSmall",
			"ammoMultiplier": 30
		},
		"nickel": {
			"speed": 4.0,
			"lifetime": 300,
			"damage": 15,
			"bulletWidth": 3,
			"bulletHeight": 5,
			"shootEffect": "shootSmall",
			"ammoMultiplier": 20
		},
		"iron": {
			"speed": 4.0,
			"lifetime": 300,
			"damage": 2,
			"bulletWidth": 3,
			"bulletHeight": 3,
			"shootEffect": "shootSmall",
			"smokeEffect": "shootSmallSmoke",
			"ammoMultiplier": 300
		},
		"sand": {
			"speed": 5.0,
			"lifetime": 100,
			"damage": 1,
			"bulletWidth": 2,
			"bulletHeight": 2,
			"shootEffect": "shootSmall",
			"smokeEffect": "shootSmallSmoke",
			"ammoMultiplier": 600
		},
	},
	"requirements": [
		{ "item": "invar", "amount": 200 },
		{ "item": "graphite", "amount": 200 },
		{ "item": "steel", "amount": 150 },
		{ "item": "refined-lead", "amount": 150 },
		{ "item": "aluminum", "amount": 100 },
		{ "item": "titanium", "amount": 100 },
		{ "item": "nickel", "amount": 75 },
		{ "item": "silicon", "amount": 50 },
	],
	"category": "turret",
	"research": "fuse"
}
