{
	"type": "ItemTurret",
	"name": "Gattling Turret",
	"description": "Shoots massive amounts of bullets.",
	"health": 300,
	"size": 1,
	"reload": 1,
	"range": 96,
	"ammoUseEffect": "shellEjectSmall",
	"inaccuracy": 10,
	"rotatespeed": 6,
	"ammo": {
		"iron": {
			"speed": 2.0,
			"damage": 2,
			"bulletWidth": 3,
			"bulletHeight": 5,
			"shootEffect": "shootSmall",
			"smokeEffect": "shootSmallSmoke",
			"ammoMultiplier": 10
		}
	},
	"requirements": [
		{ "item": "iron", "amount": 24 },
	],
	"category": "turret",
	"research": "duo"
}
