{
	"type": "Separator",
	"name": "Magmatic Sieve",
	"description": "Takes lava and seperates it into its key components",
	"results": [
            {"item": "scrap", "amount": 250},
            {"item": "sand", "amount": 250},
            {"item": "iron", "amount": 150},
            {"item": "lead", "amount": 150},
            {"item": "spodumene-crystalline", "amount": 50},
            {"item": "aluminum", "amount": 50},
            {"item": "silicon", "amount": 25},
            {"item": "titanium", "amount": 25},
            {"item": "copper", "amount": 25},
            {"item": "nickel", "amount": 20},
            {"item": "lithium", "amount": 5},
        ],
	"craftTime": 15,
    "spinnerLength": 5,
    "spinnerRadius": 1,
    "spinnerThickness": 1.5,
    "spinnerSpeed": 10,
	"size": 5,
	"itemCapacity": 50,
	"hasLiquids": true,
	"hasPower": true,
	"consumes": {
		"power": 4,
		"liquid": {
				"liquid": "lava", "amount": 0.04
		}
	}
	"requirements": [
		{ "item": "invar", "amount": 100 },
		{ "item": "nickel", "amount": 75 },
		{ "item": "steel", "amount": 50 },
		{ "item": "refined-lead", "amount": 25 },
		{ "item": "silicon", "amount": 25 },
		{ "item": "iron", "amount": 25 },
		{ "item": "aluminum", "amount": 10 },
	],
	"category": "crafting",
	"research": "spodumene-sieve"
}