{
	"type": "GenericCrafter",
	"name": "Iron Synthesizer",
	"description": "Got something against lead? turn it into iron!",
	"outputItem": {"item": "iron", "amount": 2},
	"size": 1,
	"hasPower": false,
	"hasLiquids": false,
	"hasItems": true,
	"craftTime": 1,
	"updateEffect": "smeltsmoke",
	"consumes": {
		"items": {
			"items": [
				{ "item": "lead", "amount": 3 }
			]
		},
	},
	"requirements": [
		{ "item": "lead", "amount": 250 }
	],
	"category": "crafting",
	"research": "separator",
	"idleSound": "respawning",
	"idleSoundVolume": 0.5
}
