{
	"type": "GenericCrafter",
	"name": "Lead Refinement Forge",
	"description": "Takes lead and toughens it up.",
	"liquidCapacity": 50,
	"outputItem": {"item": "refined-lead", "amount": 2},
	"size": 1,
	"hasPower": false,
	"hasLiquids": false,
	"hasItems": true,
	"craftTime": 240,
	"updateEffect": "smeltsmoke",
	"consumes": {
		"items": {
			"items": [
				{ "item": "coal", "amount": 1 },
				{ "item": "lead", "amount": 2 }
			]
		},
	},
	"requirements": [
		{ "item": "copper", "amount": 25 },
		{ "item": "lead", "amount": 80 }
	],
	"category": "crafting",
	"research": "steel-forge",
	"idleSound": "respawning",
	"idleSoundVolume": 0.5
}
