{
	"type": "GenericCrafter",
	"name": "Lead Crucible",
	"description": "Melts lead down for use in bullet forging.",
	"liquidCapacity": 50,
	"outputLiquid": {"liquid": "molten-lead", "amount": 1.0},
	"size": 2,
	"hasPower": true,
	"hasLiquids": true,
	"craftTime": 180,
	"updateEffect": "smeltsmoke",
	"consumes": {
		"power": 1.0,
		"item": "lead"
	},
	"requirements": [
		{ "item": "iron", "amount": 50 },
		{ "item": "copper", "amount": 20 },
		{ "item": "graphite", "amount": 20 }
	],
	"category": "crafting",
	"research": "melter",
	"idleSound": "respawning",
	"idleSoundVolume": 0.5
}
