{
	"type": "battery",
	"name": "Lithium Battery",
	"description": "A fragile but high capacity battery.",
	"health": 100,
	"size": 2,
	"canOverdrive": true,
  	"consumes": {
		"powerBuffered": "100000.0"
	},
	"requirements": [
		{ "item": "copper", "amount": 100 },
		{ "item": "lithium", "amount": 50 },
		{ "item": "aluminum", "amount": 50 },
		{ "item": "silicon", "amount": 50 },
		{ "item": "surge-alloy", "amount": 5 },
	],
	"category": "power",
	"research": "battery-large",
}