{
	"type": "battery",
	"name": "Giant Lithium Battery",
	"description": "The ultimate battery.",
	"health": 250,
	"size": 4,
	"canOverdrive": true,
  	"consumes": {
		"powerBuffered": "1000000.0"
	},
	"requirements": [
		{ "item": "copper", "amount": 200 },
		{ "item": "lithium", "amount": 500 },
		{ "item": "surge-alloy", "amount": 50 },
		{ "item": "aluminum", "amount": 250 },
		{ "item": "silicon", "amount": 200 },
		{ "item": "invar", "amount": 25 },
		{ "item": "nickel", "amount": 10 },
	],
	"category": "power",
	"research": "lithium-battery",
}