{
	"type": "ItemTurret",
	"name": "Railgun",
	"description": "Shoots beams of superheated metals",
	"health": 300,
	"size": 1,
	"reload": 60,
	"range": 200,
	"ammoUseEffect": "shellEjectSmall",
	"inaccuracy": 0,
	"rotatespeed": 2,
	"recoil": 5,
	"ammo": {
		"steel": {
			"speed": 25.0,
			"damage": 70,
			"bulletWidth": 5,
			"bulletHeight": 7,
			"shootEffect": "shootSmall",
			"smokeEffect": "shootSmallSmoke",
			"ammoMultiplier": 1,
			"frontColor": ffffff
			"backColor": f0c0f0
		},
		"refined-lead": {
			"speed": 25.0,
			"damage": 80,
			"bulletWidth": 5,
			"bulletHeight": 7,
			"shootEffect": "shootSmall",
			"smokeEffect": "shootSmallSmoke",
			"ammoMultiplier": 1,
			"frontColor": ffffff
			"backColor": f0c0f0
		},
		"invar": {
			"speed": 25.0,
			"damage": 75,
			"bulletWidth": 3,
			"bulletHeight": 10,
			"shootEffect": "shootSmall",
			"smokeEffect": "shootSmallSmoke",
			"ammoMultiplier": 16,
			"frontColor": ffffff
			"backColor": f0c0f0
		}
	},
	"requirements": [
		{ "item": "copper", "amount": 25 },
		{ "item": "refined-lead", "amount": 30 },
		{ "item": "titanium", "amount": 50 },
		{ "item": "graphite", "amount": 15 },
	],
	"category": "turret",
	"research": "iron-turret"
}
