{
	"ammo": {
		"copper": "standardCopper",
		"graphite": "standardDense",
		"pyratite": "standardIncendiary",
		"silicon": "standardHoming",
		"steel": {
			"speed": 6.0,
			"damage": 30,
			"reloadMultiplier": 0.5,
			"bulletWidth": 7,
			"bulletHeight": 9,
			"shootEffect": "shootSmall",
			"smokeEffect": "shootSmallSmoke",
			"ammoMultiplier": 1,
		},
		"bullet-0": {
			"speed": 2.0,
			"damage": 100,
			"reloadMultiplier": 0.25,
			"bulletWidth": 10,
			"bulletHeight": 10,
			"shootEffect": "shootSmall",
			"smokeEffect": "shootSmallSmoke",
			"ammoMultiplier": 1,
		},
	}
}
