{
	"type": "Separator",
	"name": "Spodumene Sieve",
	"description": "A seperator for spodumine",
	"results": [
            {"item": "scrap", "amount": 3},
            {"item": "sand", "amount": 6},
            {"item": "silicon", "amount": 4},
            {"item": "spodumene-pulverized", "amount": 1},
            {"item": "lithium", "amount": 2},
            {"item": "aluminum", "amount": 1},
        ],
	"craftTime": 30,
    "spinnerLength": 1.5,
    "spinnerRadius": 3.5,
    "spinnerThickness": 1.5,
    "spinnerSpeed": 40,
	"size": 3,
	"itemCapacity": 10,
	"hasLiquids": true,
	"hasPower": true,
	"consumes": {
		"power": 2,
		"liquid": {
				"liquid": "brine", "amount": 0.02
		}
	}
	"requirements": [
		{ "item": "graphite", "amount": 100 },
		{ "item": "steel", "amount": 50 },
		{ "item": "silicon", "amount": 25 },
	],
	"category": "crafting",
	"research": "spodumene-pulverizer"
}