{
	"type": "GenericCrafter",
	"name": "Spodumene Crusher",
	"description": "Crushes spodumene into its powdered form",
	"outputItem": {"item": "spodumene-pulverized", "amount": 1},
	"size": 1,
	"hasPower": true,
	"hasLiquids": false,
	"hasItems": true,
	"craftTime": 1,
	"updateEffect": "smeltsmoke",
	"consumes": {
		"power": 0.2,
		"items": {
			"items": [
				{ "item": "spodumene-crystalline", "amount": 1 }
			]
		},
	},
	"requirements": [
		{ "item": "lead", "amount": 50 },
		{ "item": "iron", "amount": 50 },
		{ "item": "steel", "amount": 25 },
		{ "item": "refined-lead", "amount": 25 },
	],
	"category": "crafting",
	"research": "pulverizer",
	"idleSound": "respawning",
	"idleSoundVolume": 0.5
}
