{
	"type": "GenericCrafter",
	"name": "Brine Vat",
	"description": "Mixes powders and liquids together into a find brine",
	"liquidCapacity": 25,
	"outputLiquid": {"liquid": "brine", "amount": 1.0},
	"size": 3,
	"health": 400,
	"hasPower": true,
	"hasLiquids": true,
	"craftTime": 120,
	"updateEffect": "smeltsmoke",
	"consumes": {
		"power": 0.5,
		"items": {
			"items": [
				{ "item": "sand", "amount": 2 },
				{ "item": "spodumene-pulverized", "amount": 5 }
			]
		},
		"liquid": {
			"liquid": "water",
			"amount": 0.0166667
		}
	},
	"requirements": [
		{ "item": "steel", "amount": 25 },
		{ "item": "copper", "amount": 100 },
		{ "item": "titanium", "amount": 10 }
	],
	"category": "crafting",
	"research": "melter",
	"idleSound": "respawning",
	"idleSoundVolume": 0.5
}
