{
	"type": "GenericCrafter",
	"name": "Blast Furnace",
	"description": "Takes some coal and puts it in some iron to make steel.",
	"liquidCapacity": 50,
	"outputItem": {"item": "steel", "amount": 2},
	"size": 1,
	"hasPower": false,
	"hasLiquids": false,
	"hasItems": true,
	"craftTime": 240,
	"updateEffect": "smeltsmoke",
	"consumes": {
		"items": {
			"items": [
				{ "item": "coal", "amount": 1 },
				{ "item": "iron", "amount": 2 }
			]
		},
	},
	"requirements": [
		{ "item": "copper", "amount": 25 },
		{ "item": "iron", "amount": 80 }
	],
	"category": "crafting",
	"research": "kiln",
	"idleSound": "respawning",
	"idleSoundVolume": 0.5
}
